{
    "epoch": 4.0,
    "eval_loss": 2.7593653202056885,
    "eval_runtime": 5.7248,
    "eval_samples": 800,
    "eval_samples_per_second": 139.742,
    "eval_steps_per_second": 17.468,
    "perplexity": 15.78981828874877
}